{"cameraMode":{"drawMode":0,"name":"Shaded","section":"Shading Mode"},"sceneLighting":false,"audioPlay":false,"sceneViewState":{"m_AlwaysRefresh":false,"showFog":true,"showSkybox":false,"showFlares":true,"showImageEffects":true,"showParticleSystems":true,"showVisualEffectGraphs":true,"m_FxEnabled":true},"in2DMode":false,"pivot":{"x":-0.004084110260009766,"y":1.5258889198303223,"z":0.2615981101989746},"rotation":{"x":0.1509319692850113,"y":-0.004439203068614006,"z":0.0006748721352778375,"w":0.9885429739952087},"size":5.909970283508301,"orthographic":false}