{"cameraMode":{"drawMode":0,"name":"Shaded","section":"Shading Mode"},"sceneLighting":false,"audioPlay":false,"sceneViewState":{"m_AlwaysRefresh":false,"showFog":true,"showSkybox":false,"showFlares":true,"showImageEffects":true,"showParticleSystems":true,"showVisualEffectGraphs":true,"m_FxEnabled":true},"in2DMode":false,"pivot":{"x":-1.8152480125427247,"y":1.0351216793060303,"z":19.317489624023439},"rotation":{"x":-0.08221227675676346,"y":-0.10980167984962464,"z":0.009113936685025692,"w":-0.9905111789703369},"size":0.0006173205329105258,"orthographic":false}