{"cameraMode":{"drawMode":0,"name":"Shaded","section":"Shading Mode"},"sceneLighting":false,"audioPlay":false,"sceneViewState":{"m_AlwaysRefresh":false,"showFog":true,"showSkybox":false,"showFlares":true,"showImageEffects":true,"showParticleSystems":true,"showVisualEffectGraphs":true,"m_FxEnabled":true},"in2DMode":false,"pivot":{"x":-0.19151373207569123,"y":0.771251916885376,"z":0.014622747898101807},"rotation":{"x":-0.34543266892433169,"y":0.02307984232902527,"z":-0.008498411625623703,"w":-0.9381244778633118},"size":1.488961100578308,"orthographic":false}