{"cameraMode":{"drawMode":0,"name":"Shaded","section":"Shading Mode"},"sceneLighting":false,"audioPlay":false,"sceneViewState":{"m_AlwaysRefresh":false,"showFog":true,"showSkybox":false,"showFlares":true,"showImageEffects":true,"showParticleSystems":true,"showVisualEffectGraphs":true,"m_FxEnabled":true},"in2DMode":false,"pivot":{"x":-0.11690197885036469,"y":0.5981638431549072,"z":0.08344507217407227},"rotation":{"x":-0.34543266892433169,"y":0.02307984232902527,"z":-0.008498411625623703,"w":-0.9381244778633118},"size":1.7973566055297852,"orthographic":false}