{"cameraMode":{"drawMode":0,"name":"Shaded","section":"Shading Mode"},"sceneLighting":false,"audioPlay":false,"sceneViewState":{"m_AlwaysRefresh":false,"showFog":true,"showSkybox":false,"showFlares":true,"showImageEffects":true,"showParticleSystems":true,"showVisualEffectGraphs":true,"m_FxEnabled":true},"in2DMode":false,"pivot":{"x":-65.19000244140625,"y":2.5274059772491457,"z":52.08000183105469},"rotation":{"x":-0.3623692989349365,"y":0.0033526732586324217,"z":-0.001303536701016128,"w":-0.9320310354232788},"size":2.683208703994751,"orthographic":false}