{"cameraMode":{"drawMode":0,"name":"Shaded","section":"Shading Mode"},"sceneLighting":false,"audioPlay":false,"sceneViewState":{"m_AlwaysRefresh":false,"showFog":true,"showSkybox":false,"showFlares":true,"showImageEffects":true,"showParticleSystems":true,"showVisualEffectGraphs":true,"m_FxEnabled":true},"in2DMode":false,"pivot":{"x":-0.33182287216186526,"y":-0.16621661186218263,"z":-0.048407793045043948},"rotation":{"x":0.03962556645274162,"y":-0.9603753685951233,"z":0.19688934087753297,"w":0.19328440725803376},"size":2.612912178039551,"orthographic":false}