{"cameraMode":{"drawMode":0,"name":"Shaded","section":"Shading Mode"},"sceneLighting":true,"audioPlay":false,"sceneViewState":{"m_AlwaysRefresh":false,"showFog":true,"showSkybox":true,"showFlares":true,"showImageEffects":true,"showParticleSystems":true,"showVisualEffectGraphs":true,"m_FxEnabled":true},"in2DMode":false,"pivot":{"x":-65.17622375488281,"y":2.0988612174987795,"z":47.395259857177737},"rotation":{"x":0.1509319692850113,"y":-0.004439203068614006,"z":0.0006748721352778375,"w":0.9885429739952087},"size":25.742652893066408,"orthographic":false}