{"cameraMode":{"drawMode":0,"name":"Shaded","section":"Shading Mode"},"sceneLighting":false,"audioPlay":false,"sceneViewState":{"m_AlwaysRefresh":false,"showFog":true,"showSkybox":false,"showFlares":true,"showImageEffects":true,"showParticleSystems":true,"showVisualEffectGraphs":true,"m_FxEnabled":true},"in2DMode":false,"pivot":{"x":-65.19912719726563,"y":3.596615791320801,"z":56.71700668334961},"rotation":{"x":0.0018757350044324995,"y":-0.9956936240196228,"z":0.02062426134943962,"w":0.09046255052089691},"size":7.222566604614258,"orthographic":false}